Host_alias,sum_system.cpu.user,sum_system.cpu.system,mean_system.cpu.iowait,mean_system.cpu.idle
r1z1s1,28.0172739,5.661629,0.0378768,81.6611815
r1z1s2,18.8804373,5.6900329,0.17263145000000002,86.613236
