Host_alias,sum_system.cpu.user,sum_system.cpu.system,mean_system.cpu.iowait,mean_system.cpu.idle
r1z1s1,58.3770454,22.1556381,0.2652928333333333,71.71846233333333
r1z1s2,16.2585422,3.8408401999999997,0.3154406,88.4082675
